{
  "timestamp": "20251006_120505",
  "dataset": "mendley_mobile_money",
  "samples": {
    "train": 3870,
    "test": 1291
  },
  "fraud_distribution": {
    "0": 4214,
    "1": 947
  },
  "individual_models": {
    "amdv_art": {
      "accuracy": 0.8822618125484121,
      "f1": 0.638095238095238
    },
    "deep_nn": {
      "accuracy": 0.8164213787761425,
      "f1": 0.0
    },
    "xgboost": {
      "accuracy": 0.8745158791634392,
      "f1": 0.6582278481012658
    },
    "lightgbm": {
      "accuracy": 0.8721920991479474,
      "f1": 0.6496815286624203
    }
  },
  "ensemble": {
    "accuracy": 0.8760650658404338,
    "precision": 0.7619047619047619,
    "recall": 0.47257383966244726,
    "f1": 0.5833333333333334,
    "auc_roc": 0.941772952545657
  },
  "confusion_matrix": [
    [
      1019,
      35
    ],
    [
      125,
      112
    ]
  ]
}