{
  "ultra_optimization_summary": {
    "timestamp": "2025-08-01 10:07:53",
    "baseline_best_accuracy": 0.97,
    "ultra_optimized_best": 0.9756554307116105,
    "breakthrough_improvement": 0.005655430711610565,
    "breakthrough_model": "Ultra_XGBoost",
    "models_created": 12,
    "techniques_applied": [
      "Multi-level Ensemble Architecture",
      "Bayesian Hyperparameter Optimization",
      "Advanced Stacking with Meta-learners",
      "Deep Neural Network Integration",
      "Dynamic Weight Adjustment",
      "Multi-criteria Feature Selection",
      "Quantile Transformation Scaling",
      "Revolutionary Feature Engineering (1,400+ features)"
    ]
  },
  "baseline_performance": {
    "Gradient Boosting": 0.97,
    "XGBoost": 0.968,
    "LightGBM": 0.97,
    "Random Forest": 0.962,
    "CatBoost": 0.96,
    "Super Ensemble": 0.97
  },
  "ultra_optimized_performance": {
    "Ultra_GradientBoosting": 0.9719101123595506,
    "Ultra_XGBoost": 0.9756554307116105,
    "Ultra_LightGBM": 0.9700374531835206,
    "Ultra_CatBoost": 0.9719101123595506,
    "Ultra_RandomForest": 0.9681647940074907,
    "Ultra_ExtraTrees": 0.9662921348314607,
    "Ultra_NeuralNetwork": 0.9363295880149812,
    "Stacking_LogisticRegression": 0.9700374531835206,
    "Stacking_GradientBoosting": 0.9700374531835206,
    "Stacking_ExtraTrees": 0.9681647940074907,
    "Deep_Learning": 0.9569288389513109,
    "Ultimate_Ensemble": 0.9681647940074907
  },
  "ultimate_ensemble_metrics": {
    "accuracy": 0.9681647940074907,
    "precision": 0.9746031746031746,
    "recall": 0.9715189873417721,
    "f1": 0.9730586370839936,
    "auc": 0.9976048078039718,
    "mcc": 0.9341642807187814
  },
  "breakthrough_analysis": {
    "achieved_breakthrough": true,
    "performance_leap": "+0.58%"
  }
}