{
    "amdv_art": {
        "accuracy": 0.8320839580209896,
        "f1": 0.8592964824120602
    },
    "deep_nn": {
        "accuracy": 0.8110944527736131,
        "f1": 0.8240223463687151
    },
    "xgboost": {
        "accuracy": 0.967016491754123,
        "f1": 0.9721518987341772
    },
    "lightgbm": {
        "accuracy": 0.967016491754123,
        "f1": 0.9724310776942355
    },
    "ensemble": {
        "accuracy": 0.9565217391304348,
        "precision": 0.9740932642487047,
        "recall": 0.9518987341772152,
        "f1": 0.9628681177976952,
        "auc": 0.9883469843633657
    }
}