{
    "amdv_art": {
        "accuracy": 0.8632,
        "f1": 0.07567567567567568
    },
    "deep_nn": {
        "accuracy": 0.9032,
        "f1": 0.0
    },
    "xgboost": {
        "accuracy": 0.9036,
        "f1": 0.0
    },
    "lightgbm": {
        "accuracy": 0.9036,
        "f1": 0.0
    },
    "ensemble": {
        "accuracy": 0.9036,
        "precision": 0.0,
        "recall": 0.0,
        "f1": 0.0,
        "auc": 0.46899538774363125
    }
}