{
    "amdv_art": {
        "accuracy": 0.8192,
        "f1": 0.12403100775193798
    },
    "deep_nn": {
        "accuracy": 0.3284,
        "f1": 0.16091954022988506
    },
    "xgboost": {
        "accuracy": 0.9036,
        "f1": 0.0
    },
    "lightgbm": {
        "accuracy": 0.8384,
        "f1": 0.10222222222222223
    },
    "ensemble": {
        "accuracy": 0.0964,
        "precision": 0.0964,
        "recall": 1.0,
        "f1": 0.17584823057278365,
        "auc": 0.489202250472522
    }
}