{
    "amdv_art": {
        "accuracy": 0.8168,
        "f1": 0.1124031007751938
    },
    "deep_nn": {
        "accuracy": 0.5096,
        "f1": 0.1402524544179523
    },
    "xgboost": {
        "accuracy": 0.9036,
        "f1": 0.0
    },
    "lightgbm": {
        "accuracy": 0.8748,
        "f1": 0.012618296529968454
    },
    "ensemble": {
        "accuracy": 0.0964,
        "precision": 0.0964,
        "recall": 1.0,
        "f1": 0.17584823057278365,
        "auc": 0.5041851955938349
    }
}