{
    "amdv_art": {
        "accuracy": 0.8272656855151046,
        "f1": 0.5531062124248497
    },
    "deep_nn": {
        "accuracy": 0.8698683191324554,
        "f1": 0.5555555555555556
    },
    "xgboost": {
        "accuracy": 0.8907823392718822,
        "f1": 0.6954643628509719
    },
    "lightgbm": {
        "accuracy": 0.8845855925639039,
        "f1": 0.6836518046709129
    },
    "ensemble": {
        "accuracy": 0.8822618125484121,
        "precision": 0.6940639269406392,
        "recall": 0.6413502109704642,
        "f1": 0.6666666666666666,
        "auc": 0.9372092650861895
    }
}