{
    "amdv_art": {
        "accuracy": 0.8320839580209896,
        "f1": 0.8613861386138614
    },
    "deep_nn": {
        "accuracy": 0.8065967016491754,
        "f1": 0.8326848249027238
    },
    "xgboost": {
        "accuracy": 0.967016491754123,
        "f1": 0.9721518987341772
    },
    "lightgbm": {
        "accuracy": 0.967016491754123,
        "f1": 0.9724310776942355
    },
    "ensemble": {
        "accuracy": 0.9490254872563718,
        "precision": 0.9640102827763496,
        "recall": 0.9493670886075949,
        "f1": 0.9566326530612245,
        "auc": 0.9860014892032762
    }
}