{
    "amdv_art": {
        "accuracy": 0.7976,
        "f1": 0.09642857142857143
    },
    "deep_nn": {
        "accuracy": 0.6488,
        "f1": 0.12896825396825398
    },
    "xgboost": {
        "accuracy": 0.9036,
        "f1": 0.0
    },
    "lightgbm": {
        "accuracy": 0.882,
        "f1": 0.026402640264026403
    },
    "ensemble": {
        "accuracy": 0.1788,
        "precision": 0.09804791481810116,
        "recall": 0.91701244813278,
        "f1": 0.17715430861723447,
        "auc": 0.515529399231107
    }
}