{
    "amdv_art": {
        "accuracy": 0.7704,
        "f1": 0.1196319018404908
    },
    "deep_nn": {
        "accuracy": 0.0964,
        "f1": 0.17584823057278365
    },
    "xgboost": {
        "accuracy": 0.9036,
        "f1": 0.0
    },
    "lightgbm": {
        "accuracy": 0.8228,
        "f1": 0.10505050505050505
    },
    "ensemble": {
        "accuracy": 0.0964,
        "precision": 0.0964,
        "recall": 1.0,
        "f1": 0.17584823057278365,
        "auc": 0.514731300707727
    }
}