{
    "amdv_art": {
        "accuracy": 0.8192,
        "f1": 0.12403100775193798
    },
    "deep_nn": {
        "accuracy": 0.674,
        "f1": 0.148380355276907
    },
    "xgboost": {
        "accuracy": 0.9036,
        "f1": 0.0
    },
    "lightgbm": {
        "accuracy": 0.8384,
        "f1": 0.10222222222222223
    },
    "ensemble": {
        "accuracy": 0.324,
        "precision": 0.10082644628099173,
        "recall": 0.7593360995850622,
        "f1": 0.17801556420233464,
        "auc": 0.510500184600464
    }
}