{
    "amdv_art": {
        "accuracy": 0.6388,
        "f1": 0.14891611687087652
    },
    "deep_nn": {
        "accuracy": 0.3472,
        "f1": 0.1596292481977343
    },
    "xgboost": {
        "accuracy": 0.9036,
        "f1": 0.0
    },
    "lightgbm": {
        "accuracy": 0.8784,
        "f1": 0.06748466257668712
    },
    "ensemble": {
        "accuracy": 0.13,
        "precision": 0.09708333333333333,
        "recall": 0.966804979253112,
        "f1": 0.17644831503218478,
        "auc": 0.4958148044061651
    }
}