{
    "amdv_art": {
        "accuracy": 0.6556,
        "f1": 0.16163583252190847
    },
    "deep_nn": {
        "accuracy": 0.2596,
        "f1": 0.1695827725437416
    },
    "xgboost": {
        "accuracy": 0.9036,
        "f1": 0.0
    },
    "lightgbm": {
        "accuracy": 0.9,
        "f1": 0.015748031496062992
    },
    "ensemble": {
        "accuracy": 0.1596,
        "precision": 0.09844559585492228,
        "recall": 0.946058091286307,
        "f1": 0.17833398513883458,
        "auc": 0.5172743787413738
    }
}